Folder,Image File
GT3,BMW M4 GT3.png
GT3,BMW M6 GT3.png
GT3,MCLAREN 720S EVO.png
GT3,MCLAREN 720S GT3.png
GT3,MERCEDES AMG GT3 EVO.png
GT3,MERCEDES AMG GT3.png
GT3,NISSAN GT-R GT3.png
GT3,PORSCHE 992 GT3R.png
GT4,BMW M4 GT4.png
GT4,CAMARO GT4.R.png
GT4,GINETTA G55 GT4.png
GT4,MCLAREN 570S GT4.png
GT4,MERCEDES AMG GT4.png
GT4,PORSCHE CAYMAN GT4 CLUBSPORT MR.png
GTE,BMW M8 GTE.png
GTE,CHEVROLET CORVETTE C8.R GTE.png
GTE,PORSCHE 911 GTE.png
Prototypes,BMW M HYBRID V8.png
Prototypes,BRABHAM BT62.png
Prototypes,CADILLAC DPi-V.R.png
Prototypes,CADILLAC V-SERIES.R.png
Prototypes,CORVETTE GTP.png
Prototypes,GINETTA G57.png
Prototypes,METALMORO AJR CHEVY.png
Prototypes,METALMORO AJR HONDA.png
Prototypes,METALMORO AJR JUDD.png
Prototypes,METALMORO AJR NISSAN.png
Prototypes,METALMORO AJR POWERTEC.png
Prototypes,METALMORO MRX HONDA.png
Prototypes,METALMORO MRX P3.png
Prototypes,METALMORO MRX SHARKFIN.png
Prototypes,METALMORO MRX.png
Prototypes,PORSCHE 963 GTP.png
Prototypes,SAUBER C9.png
Prototypes,SIGMA P1 G5.png
Prototypes,SIGMA P1.png
GT1,MCLAREN F1 GTR.png
GT1,MERCEDES CLK LM.png
GT1,NISSAN R390 GT1.png
GT1,PORSCHE 911 GT1 98.png
Formula Cars,F3 BRASIL.png
Formula Cars,FORMULA CLASSIC GEN1 M1.png
Formula Cars,FORMULA CLASSIC GEN1 M2.png
Formula Cars,FORMULA CLASSIC GEN2 M1.png
Formula Cars,FORMULA CLASSIC GEN2 M2.png
Formula Cars,FORMULA CLASSIC GEN2 M3.png
Formula Cars,FORMULA CLASSIC GEN3 M1.png
Formula Cars,FORMULA CLASSIC GEN3 M2.png
Formula Cars,FORMULA CLASSIC GEN3 M3.png
Formula Cars,FORMULA CLASSIC GEN4 M1.png
Formula Cars,FORMULA CLASSIC GEN4 M2.png
Formula Cars,FORMULA CLASSIC GEN4 M3.png
Formula Cars,FORMULA DIRT.png
Formula Cars,FORMULA HITECH G1M1.png
Formula Cars,FORMULA HITECH GEN1 M2.png
Formula Cars,FORMULA HITECH GEN1 M3.png
Formula Cars,FORMULA HITECH GEN1 M4.png
Formula Cars,FORMULA HITECH GEN2 M1.png
Formula Cars,FORMULA HITECH GEN2 M2.png
Formula Cars,FORMULA HITECH GEN2 M3.png
Formula Cars,FORMULA INTER.png
Formula Cars,FORMULA JUNIOR.png
Formula Cars,FORMULA REIZA.png
Formula Cars,FORMULA RETRO GEN2.png
Formula Cars,FORMULA RETRO V12.png
Formula Cars,FORMULA RETRO V8.png
Formula Cars,FORMULA ULTIMATE 2022.png
Formula Cars,FORMULA ULTIMATE.png
Formula Cars,FORMULA USA 2023.png
Formula Cars,FORMULA V10 GEN1.png
Formula Cars,FORMULA V10.png
Formula Cars,FORMULA V12.png
Formula Cars,FORMULA VEE FIN.png
Formula Cars,FORMULA VEE.png
Formula Cars,FORMULA VINTAGE GEN1 MK1.png
Formula Cars,FORMULA VINTAGE GEN1 MK2.png
Formula Cars,FORMULA VINTAGE GEN2 MK1.png
Formula Cars,FORMULA VINTAGE GEN2 MK2.png
Formula Cars,CART LOLA B2K00 FORD-COSWORTH.png
Formula Cars,CART LOLA B2K00 MERCEDES.png
Formula Cars,CART LOLA B2K00 TOYOTA.png
Formula Cars,CART LOLA T95 FORD.png
Formula Cars,CART LOLA T95 MERCEDES.png
Formula Cars,CART LOLA T98 FORD-COSWORTH.png
Formula Cars,CART REYNARD 2KI FORD.png
Formula Cars,CART REYNARD 2KI HONDA.png
Formula Cars,CART REYNARD 2KI MERCEDES.png
Formula Cars,CART REYNARD 2KI TOYOTA.png
Formula Cars,CART REYNARD 95I FORD-COSWORTH.png
Formula Cars,CART REYNARD 95I HONDA.png
Formula Cars,CART REYNARD 95I MERCEDES.png
Formula Cars,CART REYNARD 98I FORD.png
Formula Cars,CART REYNARD 98I HONDA.png
Formula Cars,CART REYNARD 98I MERCEDES.png
Formula Cars,CART REYNARD 98I TOYOTA.png
Formula Cars,CART SWIFT 009C.png
Formula Cars,LOTUS 49C.png
Formula Cars,LOTUS 72E.png
Formula Cars,LOTUS 79.png
Formula Cars,LOTUS 98T.png
Formula Cars,MCLAREN M23.png
Formula Cars,MCLAREN MP4_12.png
Formula Cars,MCLAREN MP4_1C.png
Formula Cars,MCLAREN MP4_4.png
Formula Cars,MCLAREN MP4_5B.png
Formula Cars,MCLAREN MP4_6.png
Formula Cars,MCLAREN MP4_7.png
Formula Cars,MCLAREN MP4_8.png
Formula Cars,BRABHAM BT26.png
Formula Cars,BRABHAM BT44.png
Formula Cars,BRABHAM BT46 B.png
Formula Cars,BRABHAM BT49.png
Formula Cars,BRABHAM BT52.png
Stock Cars - Brazilian Series,COPA TRUCK - IVECO (1).png
Stock Cars - Brazilian Series,COPA TRUCK - IVECO (2).png
Stock Cars - Brazilian Series,COPA TRUCK - MAN.png
Stock Cars - Brazilian Series,COPA TRUCK - MERCEDES.png
Stock Cars - Brazilian Series,COPA TRUCK - VW.png
Stock Cars - Brazilian Series,LANCER CUP.png
Stock Cars - Brazilian Series,MONTANA.png
Stock Cars - Brazilian Series,OMEGA STOCK.png
Stock Cars - Brazilian Series,OPALA 79.png
Stock Cars - Brazilian Series,OPALA 86.png
Stock Cars - Brazilian Series,OPALA OLD STOCK.png
Stock Cars - Brazilian Series,SPRINT RACE.png
Stock Cars - Brazilian Series,STOCK CAR COROLLA.png
Stock Cars - Brazilian Series,STOCK CAR V8 2020.png
Stock Cars - Brazilian Series,STOCK CAR V8.png
Stock Cars - Brazilian Series,SUPER V8.png
Rallycross (RX),CITROEN DS3 RX.png
Rallycross (RX),MINI COUNTRYMAN R60 RX.png
Rallycross (RX),VOLKSWAGEN POLO RX.png
Karting,KART 125CC SHIFTER.png
Karting,KART 125CC.png
Karting,KART 4-STROKE RACE.png
Karting,KART 4-STROKE RENTAL.png
Karting,KART CROSS.png
Karting,SUPERKART.png
Road Cars - Track Toys - Club Cars,ARC CAMARO.png
Road Cars - Track Toys - Club Cars,CATERHAM 620R.png
Road Cars - Track Toys - Club Cars,CATERHAM ACADEMY.png
Road Cars - Track Toys - Club Cars,CATERHAM SUPERLIGHT.png
Road Cars - Track Toys - Club Cars,CATERHAM SUPERSPORT.png
Road Cars - Track Toys - Club Cars,CHEVROLET CORVETTE C8 Z06.png
Road Cars - Track Toys - Club Cars,MCLAREN SENNA.png
Road Cars - Track Toys - Club Cars,ULTIMA GTR.png
Road Cars - Track Toys - Club Cars,ULTIMA.png
Road Cars - Track Toys - Club Cars,VOLKSWAGEN POLO GTS.png
Road Cars - Track Toys - Club Cars,VOLKSWAGEN POLO.png
Road Cars - Track Toys - Club Cars,VOLKSWAGEN VIRTUS GTS.png
Road Cars - Track Toys - Club Cars,VOLKSWAGEN VIRTUS.png
Road Cars - Track Toys - Club Cars,PUMA P052.png
Road Cars - Track Toys - Club Cars,GINETTA G40.png
Vintage Touring - Historical Touring Cars - Copa Classic,BMW 2002 TURBO.png
Vintage Touring - Historical Touring Cars - Copa Classic,BMW M1 PROCAR.png
Vintage Touring - Historical Touring Cars - Copa Classic,BMW M3 SPORT EVO GROUP A.png
Vintage Touring - Historical Touring Cars - Copa Classic,CHEVETTE.png
Vintage Touring - Historical Touring Cars - Copa Classic,CHEVROLET CORVETTE C3 RC.png
Vintage Touring - Historical Touring Cars - Copa Classic,FUSCA CLASSIC A.png
Vintage Touring - Historical Touring Cars - Copa Classic,FUSCA COPA.png
Vintage Touring - Historical Touring Cars - Copa Classic,FUSCA HOTCARS.png
Vintage Touring - Historical Touring Cars - Copa Classic,GOL CLASSIC A.png
Vintage Touring - Historical Touring Cars - Copa Classic,GOL CLASSIC B.png
Vintage Touring - Historical Touring Cars - Copa Classic,GOL HOTCARS.png
Vintage Touring - Historical Touring Cars - Copa Classic,HOTCARS.png
Vintage Touring - Historical Touring Cars - Copa Classic,MINI COOPER S 1965.png
Vintage Touring - Historical Touring Cars - Copa Classic,MERCEDES-BENZ 190E 2.5 16-EVO 2 DTM.png
Vintage Touring - Historical Touring Cars - Copa Classic,PAS CLASSIC B.png
Vintage Touring - Historical Touring Cars - Copa Classic,PORSCHE 911 RSR 74.png
Vintage Touring - Historical Touring Cars - Copa Classic,PORSCHE 962C.png
Miscellaneous - Unique,MCR 2000.png
Miscellaneous - Unique,ROCO 001.png
Porsche Cup,PORSCHE 991 GT3 2.png
Porsche Cup,PORSCHE 991 GT3 3.8.png
Porsche Cup,PORSCHE 991 GT3 4.0 (1).png
Porsche Cup,PORSCHE 991 GT3 4.0 (2).png
