PNG File Name,Gallery Item Title
9f668b_65575ba00ce04b1db0d0504a40c0a7fe~mv2.png,STOCK CAR V8 2020
9f668b_906e824f54224237b2848eb0a7d81c98~mv2.png,STOCK CAR V8 2020
9f668b_5cb2671dc74142d589c5b21ebafa7671~mv2.png,STOCK CAR COROLLA
9f668b_00db2ad9f60b4c83b4b746e0fba2ac97~mv2.png,STOCK CAR V8
9f668b_6e2014cd6a8c4628a0c50d59c0c9c725~mv2.png,MONTANA
9f668b_c4d25ad201c14f4ab293421748960f66~mv2.png,SPRINT RACE
9f668b_f77f658d15634be6a092768fb0005e13~mv2.png,LANCER CUP
9f668b_7438b9dc830442589caac089fef1c492~mv2.png,F3 BRASIL
9f668b_c985172ee9a64964835798f5ecb8e003~mv2.png,FORMULA VEE
9f668b_162191ce7e06445bb41e9417052d2855~mv2.png,FORMULA VEE FIN
64ceb4_e2481597babf460db8000606f0339619~mv2.png,FORMULA INTER
9f668b_e7ef180e0849480c8291afb8982745da~mv2.png,COPA TRUCK - IVECO
9f668b_3dc823464c734c158b31ac6ae6094b9c~mv2.png,COPA TRUCK - IVECO
9f668b_4066886425504714a62a90af88e8a3c4~mv2.png,COPA TRUCK - MAN
9f668b_80eeb040bd0f4df7b188033eac40eb02~mv2.png,COPA TRUCK - MERCEDES
9f668b_580aef33e6704f9f98c4d9878d1752a8~mv2.png,COPA TRUCK - VW
9f668b_65575ba00ce04b1db0d0504a40c0a7fe~mv2.png,CADILLAC V-SERIES.R
64ceb4_67a5bb832164406d85c7c1d64c0ba8e4~mv2.png,CADILLAC V-SERIES.R
64ceb4_86929934ba8e40ae98d290ffbaa5e7cf~mv2.png,BMW M HYBRID V8
64ceb4_4b1837b569394859abef6c41991aa174~mv2.png,PORSCHE 963 GTP
9f668b_655248e30d524e94a15a25a09dd7e561~mv2.png,CADILLAC DPi-V.R
9f668b_f62031a9766f476b984b4db37624810a~mv2.png,GINETTA G57
64ceb4_7d1bdb295456460a90f19a16ab55012e~mv2.png,SIGMA P1 G5
64ceb4_0791cf39a2b64efea649b3b27e16db3e~mv2.png,METALMORO AJR NISSAN
9f668b_6d0785b9d7db45fbb5dc56cec0a0d07a~mv2.png,METALMORO AJR CHEVY
9f668b_5c16a3236cb24d39a6075d311bbba2e2~mv2.png,METALMORO AJR CHEVY
9f668b_65d4f823d95f4b2e97271c196b1d370e~mv2.png,METALMORO AJR HONDA
9f668b_fcc429fa95004d498c70b6c3ce6a5c5e~mv2.png,METALMORO AJR JUDD
9f668b_50034487093441c6b389f67549e6c143~mv2.png,METALMORO AJR POWERTEC
9f668b_e592282993614718ab5514a54eff12a5~mv2.png,METALMORO MRX
9f668b_ef690e8af04d445e85392e229576ac70~mv2.png,METALMORO MRX HONDA
9f668b_f1780e0dec8b45cbb176bb61a618a963~mv2.png,METALMORO MRX P3
9f668b_bb5a124636b34df19a7a569a8a8bb503~mv2.png,METALMORO MRX SHARKFIN
9f668b_3b6f4bbcbf584d7aaaf302e21c374939~mv2.png,ROCO 001
9f668b_2633b1fb16664d53961f3ee1ca9c6cce~mv2.png,PORSCHE 962C
9f668b_f05b708fd1e940b1bd0dede6a700a0fe~mv2.png,SAUBER C9
64ceb4_e8ce5f2c90f94b0c876f59f92cfabe7e~mv2.png,NISSAN R89C
64ceb4_abd5282b44ca47a5aaf48951a7d360d3~mv2.png,CORVETTE GTP
9f668b_3922018de7234c058afe304f5d2e1fc7~mv2.png,SIGMA P1
9f668b_91c3e806353d45589864ad812239f1d7~mv2.png,MCR 2000
9f668b_65575ba00ce04b1db0d0504a40c0a7fe~mv2.png,MCLAREN F1 GTR
9f668b_6fc1584525b6404a9d98fb5457d9d016~mv2.png,MCLAREN F1 GTR
9f668b_abf92c24ceed44acbc91a7984a5d6632~mv2.png,MERCEDES CLK LM
9f668b_ddf1408d67d24b50a2587ee9c3bf62de~mv2.png,PORSCHE 911 GT1 98
64ceb4_208b8ae165e54845b8932123011c8859~mv2.png,NISSAN R390 GT1
64ceb4_683875fd34e146248f32ebf059165409~mv2.png,BMW M4 GT3
64ceb4_2c9ea8d046784730b05afc575113e150~mv2.png,PORSCHE 992 GT3R
64ceb4_d0bfe560e5794f33a5b5385aeff6eacb~mv2.png,MERCEDES AMG GT3 EVO
64ceb4_b6075f1ea16b4598856134b2c9b932b3~mv2.png,MCLAREN 720S EVO
9f668b_a615e4f7708f47ddb88b7cec411bbfe7~mv2.png,BMW M4 GT4
9f668b_2b802db5e5484ec2bec3c764c9fee211~mv2.png,BMW M6 GT3
9f668b_3881200b1b3d42e2a2a65244bb20136b~mv2.png,BMW M8 GTE
9f668b_5dfed23855d34db6bfe0b19ad9736bbc~mv2.png,PORSCHE 991 GT3 3.8
9f668b_7e77b02d6a3444d2947ad818095ef192~mv2.png,PORSCHE 991 GT3 4.0
9f668b_33925441209b438e8aab3c0409968dee~mv2.png,PORSCHE 991 GT3 4.0
9f668b_2dde78164a0d410bb75777484ff0e1a6~mv2.png,PORSCHE 991 GT3 2
9f668b_ee6574bf91f0417d97e9c926cfb8c3c3~mv2.png,PORSCHE 911 GTE
9f668b_d18849f3a64643d4bc7d529733b9579a~mv2.png,MCLAREN 570S GT4
9f668b_faeaf32f55c54006b2b4f013d821d29a~mv2.png,MCLAREN 720S GT3
9f668b_4c9f8cfbe4014da9ade36bf3f3b568ea~mv2.png,MERCEDES AMG GT3
64ceb4_e731c3c0808a476eb3ca78461bb6b099~mv2.png,MERCEDES AMG GT4
9f668b_7d263bf269fb4c39932d1e5a02f77f11~mv2.png,CHEVROLET CORVETTE C8.R GTE
64ceb4_e54ca976ffbd4178b6bee2b785e1736d~mv2.png,NISSAN GT-R GT3
9f668b_8a3d1e5289744a3aa2d8ed44fb7ef1cd~mv2.png,PORSCHE CAYMAN GT4 CLUBSPORT MR
9f668b_851d139b75a34b74b797f6bd67c54129~mv2.png,GINETTA G55 GT4
9f668b_fa8ccdc9399f4ec4866c03f8b7ad34a4~mv2.png,SUPER V8
9f668b_308747ac29ec488b88e9a27945e79844~mv2.png,MINI COOPER JCW UK
9f668b_2ba1f51ca84f463baa5ed1c2ddc00d2b~mv2.png,CAMARO GT4.R
64ceb4_fdd641d19f5b4f9bade3ad1eccdff41d~mv2.png,GINETTA G40
9f668b_e76ade505f9f4d57ba1c54e14a9c70ec~mv2.png,ULTIMA GTR
9f668b_65575ba00ce04b1db0d0504a40c0a7fe~mv2.png,VOLKSWAGEN POLO GTS
64ceb4_941ca191a042408ebe7ac8943b4b37d1~mv2.png,VOLKSWAGEN POLO GTS
64ceb4_8d6da28bd6444581876a7b69c4194169~mv2.png,VOLKSWAGEN POLO
64ceb4_76a186dbbeff41bca6efcdc248498740~mv2.png,VOLKSWAGEN VIRTUS GTS
64ceb4_76dd68fec1a3457fa2e28fc29fae13f1~mv2.png,VOLKSWAGEN VIRTUS
9f668b_2d8786d567de493685e82568cfcfbe18~mv2.png,ARC CAMARO
9f668b_328a0fa9ca3942309e1e7a7c7836306a~mv2.png,CATERHAM 620R
9f668b_56b19afff6e547cf9a5d8b8f090b4240~mv2.png,CATERHAM ACADEMY
9f668b_413545fd434e4d5baeb8351e94ce8d60~mv2.png,CATERHAM SUPERLIGHT
9f668b_de06bb30adcc42d7942fa3bb6d62a4e2~mv2.png,CATERHAM SUPERSPORT
9f668b_8d987653bfca4dc0a9fd227f932f969a~mv2.png,PUMA P052
9f668b_65575ba00ce04b1db0d0504a40c0a7fe~mv2.png,CHEVROLET CORVETTE C8 Z06
64ceb4_d8819d4908e5482fa7569bfe44dd3b3e~mv2.png,CHEVROLET CORVETTE C8 Z06
64ceb4_e0f91eea860b4d5ca8d3ad19fa1b1ac7~mv2.png,BRABHAM BT62
64ceb4_29b9e6159ce34a5caae1aa9f6418f05e~mv2.png,MCLAREN SENNA
9f668b_af410898d07247f8bc1a4e59f5b241b8~mv2.png,CAMARO SS
9f668b_fde178ec87f84103b8c9172dacaf1a33~mv2.png,MCLAREN F1 LM
9f668b_ecab86fdf2104d5f8afc4a9d91123acd~mv2.png,ULTIMA
9f668b_65575ba00ce04b1db0d0504a40c0a7fe~mv2.png,BMW 2002 TURBO
9f668b_09ba98b9d8c647cbb7c0ed690f92ccdf~mv2.png,BMW 2002 TURBO
9f668b_1cee8227f1a2493daf02f3e6a7b14a5e~mv2.png,BMW M3 SPORT EVO GROUP A
9f668b_8668679852e3441e94aabd077b7f15fa~mv2.png,BMW M1 PROCAR
9f668b_f88417a4515d4f8194495b1e98254295~mv2.png,MERCEDES-BENZ 190E 2.5 16-EVO 2 DTM
9f668b_3eea935eaec84f048b922d44c3f2f8d6~mv2.png,PORSCHE 911 RSR 74
9f668b_ec082a2a90d84892aecdc8b9b878806b~mv2.png,CHEVROLET CORVETTE C3 RC
9f668b_59e709a7286241f7951abcdc612c29ca~mv2.png,LOTUS 23
9f668b_c6f5221b34064225ae51f1905f68041d~mv2.png,MINI COOPER S 1965
9f668b_f48ab1f703714f7c8efaf49febc3a34c~mv2.png,OPALA OLD STOCK
9f668b_2d6384aca38b441bbde428cfe5905eea~mv2.png,OMEGA STOCK
9f668b_1ca14ace73124f1493c39efe98b41392~mv2.png,OPALA 86
9f668b_62c69438cc1941eeade7dede2343c38c~mv2.png,OPALA 79
9f668b_a0618031ad9043a3a9a30a4081a92141~mv2.png,HOTCARS
9f668b_2e2aaeac6beb47139c722e0f25c5c792~mv2.png,PAS CLASSIC B
9f668b_fb18b0ffba7a43d1b146c681b89ddcc0~mv2.png,GOL CLASSIC A
9f668b_e7734725edf3409cbf3227a8fffe318b~mv2.png,GOL CLASSIC B
9f668b_351e4139a2e046ba82448ae7aa96090f~mv2.png,GOL HOTCARS
9f668b_4a4be8f67080450e82a16141d1523507~mv2.png,FUSCA CLASSIC A
9f668b_8288676929994e8cada46cec25e2bd14~mv2.png,FUSCA COPA
9f668b_c1ceb8e19e8f4ac391cc5a0e864ec8f0~mv2.png,FUSCA HOTCARS
9f668b_5695ad2a11884ee0bcff867981750568~mv2.png,FUSCA HOTCARS
9f668b_7d7905cad9804b97a240fbecfae6421f~mv2.png,CHEVETTE
9f668b_65575ba00ce04b1db0d0504a40c0a7fe~mv2.png,BRABHAM BT26
9f668b_2fa3e644f90f4a57817f74a735a556be~mv2.png,BRABHAM BT26
9f668b_c4209a41d85347d7994e3accbe2c9d1f~mv2.png,LOTUS 49C
9f668b_9f08fe03d52c41bb99e0f02e058e593a~mv2.png,BRABHAM BT44
9f668b_0637bcb11e774fd7a08ae423343a08a2~mv2.png,LOTUS 72E
9f668b_648b5411d72148b8b76ca5b9a419667c~mv2.png,MCLAREN M23
64ceb4_7606447501e64e498fc1cf65ab454146~mv2.png,BRABHAM BT49
9f668b_3356c7d68bd041cab0567be93f93a09f~mv2.png,BRABHAM BT46 B
9f668b_7be1249480bf4c5bb54eb43b525b661e~mv2.png,LOTUS 79
64ceb4_c44a5a85e9f1458a9a3c1d0494776dea~mv2.png,BRABHAM BT52
64ceb4_4ce85df53de249fdbea760aef1ef0dff~mv2.png,MCLAREN MP4/1C
64ceb4_5199dc43408b40e28bb56ab40b7153fc~mv2.png,LOTUS 98T
64ceb4_5177c0145d7d4b8fb4170d1053d6a14e~mv2.png,MCLAREN MP4/4
64ceb4_dd1a9ffbfc1e44f6883e262ff7a53906~mv2.png,MCLAREN MP4/5B
64ceb4_7e14d030836c418da6e8de28e99519b2~mv2.png,MCLAREN MP4/6
64ceb4_a7189c2269c8496a8e825301edc00527~mv2.png,MCLAREN MP4/7
64ceb4_55081b2a28f949078c1a4b748f534326~mv2.png,MCLAREN MP4/8
9f668b_13e981bbb4b74dc1a738a8bd37f581a3~mv2.png,MCLAREN MP4/12
9f668b_65575ba00ce04b1db0d0504a40c0a7fe~mv2.png,FORMULA VINTAGE GEN1 MK1
9f668b_5ebe338342934b95a907f96f919785f0~mv2.png,FORMULA VINTAGE GEN1 MK1
9f668b_9feabe4b22cf43d5af4be854a078ef01~mv2.png,FORMULA VINTAGE GEN1 MK2
9f668b_5788f1aef05d4e3c9b96e231d6539a00~mv2.png,FORMULA VINTAGE GEN2 MK1
9f668b_8bc4f1ff2d024c82ad4f3e7778e75e3f~mv2.png,FORMULA VINTAGE GEN2 MK2
64ceb4_cde42e6847de4aa99a9f0793f0f99c71~mv2.png,FORMULA JUNIOR
9f668b_0c47b402ba0749f990b08c31ebc31f91~mv2.png,FORMULA RETRO GEN2
9f668b_0fab99a024394d84aaa75fa2bb424b72~mv2.png,FORMULA RETRO V8
9f668b_3ea6c511876e4422bf41daf6ef184ad1~mv2.png,FORMULA RETRO V12
9f668b_80d9eb74fb384e3a8676c6bb537afa9b~mv2.png,FORMULA CLASSIC GEN1 M1
9f668b_822898f9eb304fd69592e1f8a3cca349~mv2.png,FORMULA CLASSIC GEN1 M2
9f668b_470f2a975acf49d7b77780ece06b84dc~mv2.png,FORMULA CLASSIC GEN2 M1
9f668b_97c8d11b30ae48abbe0c3114735daeea~mv2.png,FORMULA CLASSIC GEN2 M2
9f668b_0f84a206eeec47049fe4643154afdc09~mv2.png,FORMULA CLASSIC GEN2 M3
9f668b_7b0118433a8444efb9cfa6bc5e9ab2bc~mv2.png,FORMULA CLASSIC GEN3 M1
9f668b_fac01104d1d74920af285d95374e1dfd~mv2.png,FORMULA CLASSIC GEN3 M2
9f668b_bdc950c288e849ecb2fd77be723f2b58~mv2.png,FORMULA CLASSIC GEN3 M3
64ceb4_8afff6dadb424a418c06a40b633315d8~mv2.png,FORMULA CLASSIC GEN4 M3
64ceb4_fbd7e2bcbf134e71be8125109d170f68~mv2.png,FORMULA CLASSIC GEN4 M1
64ceb4_bc1ae76dd93745a58ac9cd7c72125525~mv2.png,FORMULA CLASSIC GEN4 M2
64ceb4_7ab1f42954464790982c254984876c3c~mv2.png,FORMULA HITECH G1M1
64ceb4_b39e0f4bda6240bb9b05e37f62cf161c~mv2.png,FORMULA HITECH GEN1 M2
64ceb4_3411cb9a4bd04cd88fce9690ff09430a~mv2.png,FORMULA HITECH GEN1 M3
64ceb4_3150accc88624f178c8bf0a088485d69~mv2.png,FORMULA HITECH GEN1 M4
64ceb4_99054eef19a9443d9a5628cc56db03a7~mv2.png,FORMULA HITECH GEN2 M1
64ceb4_a78e08c6c4b644faaea30e30ad6bb56c~mv2.png,FORMULA HITECH GEN2 M2
64ceb4_68092ca2e7b743f3b2e779fbc8ccd969~mv2.png,FORMULA HITECH GEN2 M3
9f668b_495fddb3212a42d087ab43913a52c1dc~mv2.png,FORMULA V10
9f668b_86bb865086404884af9a04e3f3b91ff8~mv2.png,FORMULA V10 GEN1
9f668b_9e44915186784856819eb98155b42c26~mv2.png,FORMULA V12
9f668b_843120f9c45e4ca7a811960ffa703922~mv2.png,FORMULA REIZA
9f668b_002d40cb24654eb6b92e683c3cc27105~mv2.png,FORMULA ULTIMATE
64ceb4_8fbe23b2a36b4e30b0635cb42daef439~mv2.png,FORMULA ULTIMATE 2022
64ceb4_f7884c1e493040f5b0670bcb5a27a953~mv2.png,FORMULA USA 2023
64ceb4_83a3ba56480e4acf958fa6ff9afda32b~mv2.png,CART SWIFT 009C
64ceb4_91702cc1f5d54aa399a5bfe3c7660b16~mv2.png,CART REYNARD 95I FORD-COSWORTH
64ceb4_d245932fc8d44175bc516849e6c38402~mv2.png,CART REYNARD 95I MERCEDES
64ceb4_83147d3fc7a04e7b9ed5a060b561f323~mv2.png,CART REYNARD 95I HONDA
64ceb4_309059bf33be4014901aebfdf7fcfe89~mv2.png,CART LOLA T95 FORD
64ceb4_06ff6fcac0974f689994664a169d522f~mv2.png,CART LOLA T95 MERCEDES
64ceb4_567bf496451f41629cbf93a5a1548d74~mv2.png,CART LOLA T98 FORD-COSWORTH
64ceb4_8b73f6ebc36b45a38d8387adf5ad2fe6~mv2.png,CART LOLA B2K00 FORD-COSWORTH
64ceb4_41b39ef8b4f1429892dadb3dd23754e5~mv2.png,CART REYNARD 98I FORD
64ceb4_557ae930adae4d74a208e1c6bf7a1e61~mv2.png,CART REYNARD 98I MERCEDES
64ceb4_f08df0015d3a4f0e9f6f1136a5e55322~mv2.png,CART REYNARD 98I HONDA
64ceb4_be26e5ffa7a74145b616519d6d1913a8~mv2.png,CART REYNARD 98I TOYOTA
64ceb4_521db62bcb0e4218b9b37ae707ba28c2~mv2.png,CART LOLA B2K00 MERCEDES
64ceb4_1562064aaa7e401288b99ec6bbfe7ec5~mv2.png,CART LOLA B2K00 TOYOTA
64ceb4_e69df80d0c664db2b2a0665036618804~mv2.png,CART REYNARD 2KI FORD
64ceb4_569126efdda04a72927d70e5c70c38dd~mv2.png,CART REYNARD 2KI MERCEDES
64ceb4_b48f18a92a5540b8a66dc90f245928be~mv2.png,CART REYNARD 2KI HONDA
64ceb4_4d2a7fa97fc841cf977556e3d8412939~mv2.png,CART REYNARD 2KI TOYOTA
9f668b_65575ba00ce04b1db0d0504a40c0a7fe~mv2.png,MINI COUNTRYMAN R60 RX
64ceb4_5ad49f99a975478f93ff969fc9e12ed3~mv2.png,MINI COUNTRYMAN R60 RX
64ceb4_3724c93a59e441db96c20fc7e6b458e5~mv2.png,CITROEN DS3 RX
64ceb4_52672010804341c59885803f4437db93~mv2.png,MITSUBISHI LANCER RC
64ceb4_996cfa7da4584a8d8bf2bfc9e3b7a9c3~mv2.png,VOLKSWAGEN POLO RX
64ceb4_a8158e48020d4fd6942335f0db3a6bae~mv2.png,FORMULA DIRT
64ceb4_9855030b4e2a481b9e7c22757d1ce4e4~mv2.png,KART CROSS
9f668b_65575ba00ce04b1db0d0504a40c0a7fe~mv2.png,KART 4-STROKE RENTAL
9f668b_a9d943fcf1f941649960402a99b85bca~mv2.png,KART 4-STROKE RENTAL
9f668b_639bf1e759eb4ad48c5673d5379acdca~mv2.png,KART 4-STROKE RACE
9f668b_a48e5c1a3fd649999d53bef13cd816f3~mv2.png,KART 125CC
9f668b_afbecaba44494b80b7fd03196b16caf3~mv2.png,KART 125CC SHIFTER
9f668b_d656f589e7ac42f7b222946bf676821a~mv2.png,SUPERKART
